Workbook

Sheet Visitor Board
A1: Visit ID | B1: Date | C1: Time In | D1: Visitor | E1: Phone | F1: Email | G1: Company | H1: Visit Type | I1: Host | J1: Purpose of Visit | K1: Status | L1: Instructions | M1: Responded At

Sheet Dashboard
A1: SmartLobby - Front Desk Dashboard
A2: Updates automatically from the Visitor Board tab. Don't type here.
A4: Status | B4: Today | C4: All time
A5: Waiting for host | B5: =SUMPRODUCT(('Visitor Board'!$K$2:$K$1000=$A5)*(TEXT('Visitor Board'!$B$2:$B$1000,"yyyy-mm-dd")=TEXT(TODAY(),"yyyy-mm-dd"))) -> 0 | C5: =COUNTIF('Visitor Board'!$K$2:$K$1000,$A5) -> 0
A6: Sent in | B6: =SUMPRODUCT(('Visitor Board'!$K$2:$K$1000=$A6)*(TEXT('Visitor Board'!$B$2:$B$1000,"yyyy-mm-dd")=TEXT(TODAY(),"yyyy-mm-dd"))) -> 0 | C6: =COUNTIF('Visitor Board'!$K$2:$K$1000,$A6) -> 0
A7: Waiting in lobby | B7: =SUMPRODUCT(('Visitor Board'!$K$2:$K$1000=$A7)*(TEXT('Visitor Board'!$B$2:$B$1000,"yyyy-mm-dd")=TEXT(TODAY(),"yyyy-mm-dd"))) -> 0 | C7: =COUNTIF('Visitor Board'!$K$2:$K$1000,$A7) -> 0
A8: Rescheduled | B8: =SUMPRODUCT(('Visitor Board'!$K$2:$K$1000=$A8)*(TEXT('Visitor Board'!$B$2:$B$1000,"yyyy-mm-dd")=TEXT(TODAY(),"yyyy-mm-dd"))) -> 0 | C8: =COUNTIF('Visitor Board'!$K$2:$K$1000,$A8) -> 0
A9: Left at front desk | B9: =SUMPRODUCT(('Visitor Board'!$K$2:$K$1000=$A9)*(TEXT('Visitor Board'!$B$2:$B$1000,"yyyy-mm-dd")=TEXT(TODAY(),"yyyy-mm-dd"))) -> 0 | C9: =COUNTIF('Visitor Board'!$K$2:$K$1000,$A9) -> 0
A10: No response - front desk calling | B10: =SUMPRODUCT(('Visitor Board'!$K$2:$K$1000=$A10)*(TEXT('Visitor Board'!$B$2:$B$1000,"yyyy-mm-dd")=TEXT(TODAY(),"yyyy-mm-dd"))) -> 0 | C10: =COUNTIF('Visitor Board'!$K$2:$K$1000,$A10) -> 0
A11: Employee Unavailable | B11: =SUMPRODUCT(('Visitor Board'!$K$2:$K$1000=$A11)*(TEXT('Visitor Board'!$B$2:$B$1000,"yyyy-mm-dd")=TEXT(TODAY(),"yyyy-mm-dd"))) -> 0 | C11: =COUNTIF('Visitor Board'!$K$2:$K$1000,$A11) -> 0
A12: Front desk to assist | B12: =SUMPRODUCT(('Visitor Board'!$K$2:$K$1000=$A12)*(TEXT('Visitor Board'!$B$2:$B$1000,"yyyy-mm-dd")=TEXT(TODAY(),"yyyy-mm-dd"))) -> 0 | C12: =COUNTIF('Visitor Board'!$K$2:$K$1000,$A12) -> 0
A13: Total visitors | B13: =SUM(B5:B12) -> 0 | C13: =SUM(C5:C12) -> 0
A15: Visit Type | B15: Today | C15: All time
A16: Walk-in Applicant | B16: =SUMPRODUCT(('Visitor Board'!$H$2:$H$1000=$A16)*(TEXT('Visitor Board'!$B$2:$B$1000,"yyyy-mm-dd")=TEXT(TODAY(),"yyyy-mm-dd"))) -> 0 | C16: =COUNTIF('Visitor Board'!$H$2:$H$1000,$A16) -> 0
A17: Scheduled Interview / Appointment | B17: =SUMPRODUCT(('Visitor Board'!$H$2:$H$1000=$A17)*(TEXT('Visitor Board'!$B$2:$B$1000,"yyyy-mm-dd")=TEXT(TODAY(),"yyyy-mm-dd"))) -> 0 | C17: =COUNTIF('Visitor Board'!$H$2:$H$1000,$A17) -> 0
A18: Delivery | B18: =SUMPRODUCT(('Visitor Board'!$H$2:$H$1000=$A18)*(TEXT('Visitor Board'!$B$2:$B$1000,"yyyy-mm-dd")=TEXT(TODAY(),"yyyy-mm-dd"))) -> 0 | C18: =COUNTIF('Visitor Board'!$H$2:$H$1000,$A18) -> 0
A19: Maintenance / Repair | B19: =SUMPRODUCT(('Visitor Board'!$H$2:$H$1000=$A19)*(TEXT('Visitor Board'!$B$2:$B$1000,"yyyy-mm-dd")=TEXT(TODAY(),"yyyy-mm-dd"))) -> 0 | C19: =COUNTIF('Visitor Board'!$H$2:$H$1000,$A19) -> 0
A20: Meeting | B20: =SUMPRODUCT(('Visitor Board'!$H$2:$H$1000=$A20)*(TEXT('Visitor Board'!$B$2:$B$1000,"yyyy-mm-dd")=TEXT(TODAY(),"yyyy-mm-dd"))) -> 0 | C20: =COUNTIF('Visitor Board'!$H$2:$H$1000,$A20) -> 0
A21: Other | B21: =SUMPRODUCT(('Visitor Board'!$H$2:$H$1000=$A21)*(TEXT('Visitor Board'!$B$2:$B$1000,"yyyy-mm-dd")=TEXT(TODAY(),"yyyy-mm-dd"))) -> 0 | C21: =COUNTIF('Visitor Board'!$H$2:$H$1000,$A21) -> 0

Sheet How to use
A1: How to use this template
A2: 1. Upload this file to Google Drive, then open it with Google Sheets (File > Save as Google Sheets if it opens as .xlsx).
A3: 2. In n8n, open each Google Sheets node (Board: Waiting, Board: Calling Host, Board: Update Status), choose this spreadsheet and the 'Visitor Board' tab. Match on Visit ID for the two update nodes.
A4: 3. The workflow fills 'Visitor Board' by itself. Don't rename the headers in row 1 - n8n matches columns by these exact names.
A5: 4. Rows are colored by Status automatically. The 'Dashboard' tab counts today's and all-time visitors.
A7: Example row (what n8n writes - do not copy into the board):
A8: Visit ID | Date | Time In | Visitor | Phone | Email | Company | Visit Type | Host | Purpose of Visit | Status | Instructions | Responded At
A9: V-0926-143005 | 2026-09-26 | 14:30 | Ana Dela Cruz | 0917 123 4567 | ana@email.com | - | Walk-in Applicant | Maria Santos | Applying for admin assistant | Sent in | Please proceed to Room 2, 3rd floor. Maria Santos is ready for you. | 14:34
A11: Status values: Waiting for host (yellow), Sent in (green), Waiting in lobby (blue), Rescheduled (orange), Left at front desk (gray), No response - front desk calling (red), Employee Unavailable (purple), Front desk to assist (gold).
